Geolocation,Name,Description,Address,Landline,Mobile,Website,Email,Borough,Category,Products repaired,Authorised repairer,Qualifications,Independent review link,Other review link,Positive review %,Warranty offered,Pricing information
"51.583815, 0.169196",Knowhow at Curry's PC World,"Repair service for computers, laptops, TVs, washing machines, dryers, dishwashers, fridge freezers and cookers.","Unit A, Eastern Ave W, Romford RM7 7JN",0344 561 1234,,https://www.knowhow.com,No,Havering,Computers and Home Office,"Desktop, Laptop, Netbook, TV, Washing Machine, Dryer, Dishwasher, Fridge Freezer, Cooker",,,https://uk.trustpilot.com/review/www.knowhow.com,,11%,"""3 month repair guarantee"" from website","""Free consultation then £60 plus parts for PC repair, £95 for TV, Fixed price from £109 for Washing machine/dryer/fridge freezer, from £99 for Cooker, from £119 for dishwasher.  Refundable if non-reparable."" from website"
"51.566755, 0.116506",Knowhow at Curry's PC World,"Repair service for computers, laptops, TVs, washing machines, dryers, dishwashers, fridge freezers and cookers.","Unit 5 Goodmayes Retail Park, High Rd, Chadwell Heath RM6 4HX",0344 561 1234,,https://www.knowhow.com,No,Redbridge,Computers and Home Office,"Desktop, Laptop, Netbook, TV, Washing Machine, Dryer, Dishwasher, Fridge Freezer, Cooker",,,https://uk.trustpilot.com/review/www.knowhow.com,,11%,"""3 month repair guarantee"" from website","""Free consultation then £60 plus parts for PC repair, £95 for TV, Fixed price from £109 for Washing machine/dryer/fridge freezer, from £99 for Cooker, from £119 for dishwasher.  Refundable if non-reparable."" from website"
"51.544055, -0.006160",Knowhow at Curry's PC World,"Repair service for computers, laptops, TVs, washing machines, dryers, dishwashers, fridge freezers and cookers.","24 Westfield Stratford City, Montfichet Rd, Stratford E20 1EH",0344 561 1234,,https://www.knowhow.com,No,Newham,Computers and Home Office,"Desktop, Laptop, Netbook, TV, Washing Machine, Dryer, Dishwasher, Fridge Freezer, Cooker",,,https://uk.trustpilot.com/review/www.knowhow.com,,11%,"""3 month repair guarantee"" from website","""Free consultation then £60 plus parts for PC repair, £95 for TV, Fixed price from £109 for Washing machine/dryer/fridge freezer, from £99 for Cooker, from £119 for dishwasher.  Refundable if non-reparable."" from website"
"51.543972, -0.008188",Save ,Smartphone and tablet while-you-wait repair service,The Arcade Westfield Stratford City London E20 1EJ,No,,www.save.co,No,Newham,Electronic gadgets,"Phone (Apple, Samsung, Sony), tablet (Apple, Samsung), laptop (Apple), smartwatch (Apple), console (Nintendo)",,,https://uk.trustpilot.com/review/save.co,,17%,"""Your device benefits from a one year warranty no matter what repairs have been done!"" from website",See website
"51.559160, 0.072533",City Connect Ltd,Gadget exchange,"Unit 32, Middle Level, The Exchange, High Road, Ilford IG1 1AS",020 8514 3322,,No,No,Redbridge,Electronic gadgets,Phone,,,"https://www.google.co.uk/maps/place/City+Connect/@51.5580063,0.0731126,17z/data=!4m7!3m6!1s0x0:0x2e0e2befac4af001!8m2!3d51.5591636!4d0.0725815!9m1!1b1",,20%,No data,No data
"51.580110, 0.183482",Samsung Support Centre,Samsung Support Centre,"Unit 1a, Tollgate House, 96 Market Pl, Romford RM1 3ER",01798 607999,,http://www.samsung.com/uk/support/support-centres/,No,Havering,Electronic gadgets,"Phone, tablet",Samsung,,"https://www.google.co.uk/maps/place/Samsung+Support+Centre+Romford/@51.5797578,0.1830733,17.79z/data=!4m7!3m6!1s0x0:0xa393683161fd0c36!8m2!3d51.5801126!4d0.183481!9m1!1b1",,26%,No data,No data
"51.537504, 0.080307",Timpson (Barking),Shoe care booths offering on-site phone repairs (screen and battery replacement) and off-site tablet repairs.  At least 10 locations in the area.,"Unit 21b, Vicarage Field, Ripple Road, IG11 8DG",020 8594 3419,,https://www.timpson.co.uk/stores/barking-ripple-road/,,Barking and Dagenham,Electronic gadgets,"Phone (iPhone, Samsung S3-S6) (screen and battery replacement), Tablet (iPad)",,,https://uk.trustpilot.com/review/www.timpson.co.uk,,26%,"""All of our repairs are completed using top quality parts and come with a 12 month guarantee."" from website",No data. Each branch sets own pricing
"51.585991, 0.081002",Timpson (Barkingside),Shoe care booths offering on-site phone repairs (screen and battery replacement) and off-site tablet repairs.  At least 10 locations in the area.,"Tesco, 769 Cranbrook Road, !G6 1HY",020 8551 0340,,https://www.timpson.co.uk/stores/barkingside-cranbrook-road/,,Redbridge,Electronic gadgets,"Phone (iPhone, Samsung S3-S6) (screen and battery replacement), Tablet (iPad)",,,https://uk.trustpilot.com/review/www.timpson.co.uk,,26%,"""All of our repairs are completed using top quality parts and come with a 12 month guarantee."" from website",No data. Each branch sets own pricing
"51.514525, 0.057805",Timpson (Becton),Shoe care booths offering on-site phone repairs (screen and battery replacement) and off-site tablet repairs.  At least 10 locations in the area.,"Asda, Tollgate Road, Becton, E6 5JP",020 7473 0114,,https://www.timpson.co.uk/stores/beckton-toll-gate-road/,,Newham,Electronic gadgets,"Phone (iPhone, Samsung S3-S6) (screen and battery replacement), Tablet (iPad)",,,https://uk.trustpilot.com/review/www.timpson.co.uk,,26%,"""All of our repairs are completed using top quality parts and come with a 12 month guarantee."" from website",No data. Each branch sets own pricing
"51.571890, 0.134598",Timpson (Chadwell Heath),Shoe care booths offering on-site phone repairs (screen and battery replacement) and off-site tablet repairs.  At least 10 locations in the area.,"Sainsburys, 97-131 High Road, RM6 6BP",020 8599 3267,,https://www.timpson.co.uk/stores/chadwell-heath-high-road/,,Barking and Dagenham,Electronic gadgets,"Phone (iPhone, Samsung S3-S6) (screen and battery replacement), Tablet (iPad)",,,https://uk.trustpilot.com/review/www.timpson.co.uk,,26%,"""All of our repairs are completed using top quality parts and come with a 12 month guarantee."" from website",No data. Each branch sets own pricing
"51.541457, 0.148869","Timpson (Dagenham, The Mall)",Shoe care booths offering on-site phone repairs (screen and battery replacement) and off-site tablet repairs.  At least 10 locations in the area.,"24 The Mall, Heathway, Dagenham, RM10 8RE",020 8595 5810,,https://www.timpson.co.uk/stores/dagenham-the-mall/,,Barking and Dagenham,Electronic gadgets,"Phone (iPhone, Samsung S3-S6) (screen and battery replacement), Tablet (iPad)",,,https://uk.trustpilot.com/review/www.timpson.co.uk,,26%,"""All of our repairs are completed using top quality parts and come with a 12 month guarantee."" from website",No data. Each branch sets own pricing
"51.593676, 0.218558",Timpson (Gallows Corner),Shoe care booths offering on-site phone repairs (screen and battery replacement) and off-site tablet repairs.  At least 10 locations in the area.,"Tesco, Bryant Avenue, RM3 0LL",01708 370833,,https://www.timpson.co.uk/stores/romford-gallows-bryant-avenue/,,Havering,Electronic gadgets,"Phone (iPhone, Samsung S3-S6) (screen and battery replacement), Tablet (iPad)",,,https://uk.trustpilot.com/review/www.timpson.co.uk,,26%,"""All of our repairs are completed using top quality parts and come with a 12 month guarantee."" from website",No data. Each branch sets own pricing
"51.565798, 0.191864",Timpson (Hornchurch Road),Shoe care booths offering on-site phone repairs (screen and battery replacement) and off-site tablet repairs.  At least 10 locations in the area.,"Tesco, 300 Hornchurch Road, RM11 1PY",01708 769336,,https://www.timpson.co.uk/stores/romford-hornchurch-road/,,Havering,Electronic gadgets,"Phone (iPhone, Samsung S3-S6) (screen and battery replacement), Tablet (iPad)",,,https://uk.trustpilot.com/review/www.timpson.co.uk,,26%,"""All of our repairs are completed using top quality parts and come with a 12 month guarantee."" from website",No data. Each branch sets own pricing
"51.566641, 0.111763",Timpson (Romford High Road),Shoe care booths offering on-site phone repairs (screen and battery replacement) and off-site tablet repairs.  At least 10 locations in the area.,"Tesco, 822 High Road, Romford, RM6 4HY",020 8599 3517,,https://www.timpson.co.uk/stores/romford-high-road/,,Redbridge,Electronic gadgets,"Phone (iPhone, Samsung S3-S6) (screen and battery replacement), Tablet (iPad)",,,https://uk.trustpilot.com/review/www.timpson.co.uk,,26%,"""All of our repairs are completed using top quality parts and come with a 12 month guarantee."" from website",No data. Each branch sets own pricing
"51.579590, 0.183651",Timpson (Romford),Shoe care booths offering on-site phone repairs (screen and battery replacement) and off-site tablet repairs.  At least 10 locations in the area.,"Kiosk 1, Laurie Walk, Romford Shopping Centre, RM1 3RT",01708 760374,,https://www.timpson.co.uk/stores/romford-laurie-walk/,,Havering,Electronic gadgets,"Phone (iPhone, Samsung S3-S6) (screen and battery replacement), Tablet (iPad)",,,https://uk.trustpilot.com/review/www.timpson.co.uk,,26%,"""All of our repairs are completed using top quality parts and come with a 12 month guarantee."" from website",No data. Each branch sets own pricing
"51.593514, 0.024036",Timpson (South Woodford),Shoe care booths offering on-site phone repairs (screen and battery replacement) and off-site tablet repairs.  At least 10 locations in the area.,"Sainsbury's, 176 George Lane, E18 1AY",020 8989 6295,,https://www.timpson.co.uk/stores/sainsbury's-south-woodford/,,Redbridge,Electronic gadgets,"Phone (iPhone, Samsung S3-S6) (screen and battery replacement), Tablet (iPad)",,,https://uk.trustpilot.com/review/www.timpson.co.uk,,26%,"""All of our repairs are completed using top quality parts and come with a 12 month guarantee."" from website",No data. Each branch sets own pricing
"51.544024, -0.008865",Timpson (Stratford Westfield),Shoe care booths offering on-site phone repairs (screen and battery replacement) and off-site tablet repairs.  At least 10 locations in the area.,"7 Lower Ground Floor, Westfield, Stratford City, E15 1QA",020 8534 1509,,https://www.timpson.co.uk/stores/stratford-westfield/,,Newham,Electronic gadgets,"Phone (iPhone, Samsung S3-S6) (screen and battery replacement), Tablet (iPad)",,,https://uk.trustpilot.com/review/www.timpson.co.uk,,26%,"""All of our repairs are completed using top quality parts and come with a 12 month guarantee."" from website",No data. Each branch sets own pricing
"51.604478, 0.047159",AND Sales Repairs,Domestic Appliance Services - Sales & Repairs,"530 Chigwell Rd, Woodford Green IG8 8PA",020 8505 5777,,http://www.andsalesrepairs.co.uk/,info@andsalesrepairs.co.uk,Redbridge,Kitchen and household,"Washing machine, tumble dryer, dishwasher, fridge, freezer, cooker, hob, microwave, waste disposal, vaccum cleaner",,,"https://www.google.co.uk/maps/place/A.N.D.+Domestic+Appliance+Services+-+Sales+%26+Repairs/@52.1308233,0.1060747,9z/data=!4m10!1m2!2m1!1sand+sales+repairs!3m6!1s0x0:0xc6be86f1efee498a!8m2!3d51.6044783!4d0.0472069!9m1!1b1",,40%,"""Our labour is guaranteed for 3 months from the date of repair""",No data
"51.5613892,0.0758227",Colourvision Colourtronics,Electronic repair centre,"123-125 Ley Street, Ilford, Essex IG1 4BH",020 8478 8580,,http://www.colourtronics.com/,info@colourtronics.com,Redbridge,Home entertainment,"TV, VCR, DVD, HiFi, Audio Equipment, Microwave,  Desktop, Laptop, Phones, Cameras, Camcorders, MP3 players, ",Samsung,,"https://www.google.co.uk/maps/place/Colourvision+Colourtronics+Ltd/@51.5613892,0.0758227,15z/data=!4m14!1m6!3m5!1s0x0:0x883dc5b272d2a95d!2sColourvision+Colourtronics+Ltd!8m2!3d51.5613892!4d0.0758227!3m6!1s0x0:0x883dc5b272d2a95d!8m2!3d51.5613892!4d0.0758227!9m1!1b1",,50%,"""We offer a guarantee on all work carried out by our engineers"" from website",No data
"51.544090, -0.006823","Apple Store, Stratford, Genius Bar",Genius bar is repair/advice service,"Westfield Stratford City, The Arcade, Westfield Stratford City, London E20 1EQ",020 8277 2200,,http://www.apple.com/uk/retail/stratfordcity/,No,Newham,Electronic gadgets,"Computer (Mac), Phone (iPhone), Tablet (iPad), iPod, TV",Apple,,"https://www.google.co.uk/maps/place/Apple+Stratford+City/@51.54409,-0.00681,15z/data=!3m1!5s0x48761d6442ebbfc7:0x2b1ebed02c1a4970!4m7!3m6!1s0x0:0x67a1e75d4c23988c!8m2!3d51.54409!4d-0.00681!9m1!1b1",,60%,"""Apple warrants (1) that the service will be performed with all reasonable skill and care and (2) that, for a period of ninety (90) days from the date of service, all parts used to service your product will be free from defects in materials and workmanship, unless otherwise specified by Apple. Apple further warrants, to the extent permitted by law, that batteries installed as part of Apple’s battery replacement service for Apple portable Mac computers will be free from defects in materials and workmanship for one (1) year from the date of service. In the event of breach of the warranty in this section 5, Apple will either (i) re-perform the service, (ii) repair or replace the part, or (iii) refund the cost of the service provided. In order to claim under the warranty you must return your product to the store where you left your product for service."" From website see http://www.apple.com/uk/legal/sales-support/terms/repair/Retail_Repair_UK_Terms_Conditions.html",No data
"51.562363, 0.068225",Talk & Surf,Internet cafe,"126 Cranbrook Rd, Ilford IG1 4LZ",020 8554 1400,,None,No,Redbridge,Electronic gadgets,"Phone, Laptop, Desktop",,,"https://www.google.co.uk/maps/place/Talk+%26+Surf/@51.5622998,0.0677798,17.08z/data=!4m7!3m6!1s0x0:0x2999ad6886c9259!8m2!3d51.562361!4d0.0682456!9m1!1b1",,60%,No data,No data
"51.5624269,0.0676759",Instant iPhone repair,"Repair specialist: Apple iPhone, Samsung Phone, Apple iPad, Apple iPod","175 Cranbrook Road, Ilford, IG1 4TA",020 7998 9338,07553 874876,http://www.instantiphonerepair.co.uk/,info@instantiphonerepair.co.uk,Redbridge,Electronic gadgets,"Phone (iPhone, Samsung), Tablet (iPad), Apple iPod",No,,"https://www.google.co.uk/maps/place/Instant+iPhone+Repair/@51.5624938,0.0676624,15z/data=!4m7!3m6!1s0x0:0x5d17537806bc2aa2!8m2!3d51.5624938!4d0.0676624!9m1!1b1",,66%,"""All our repairs are covered by a 3 month warranty."" from website",See website
"51.578698, 0.183950","Stormfront, Romford",Apple repairs,"11 East Mall, Liberty Shopping Centre, Romford, RM1 3RL",01708 764890,,https://www.stormfront.co.uk/contact/store/Romford,shop@romford.stormfront.co.uk,Havering,Electronic gadgets,"Computer (Mac), Phone (iPhone), Tablet (iPad), iPod, TV",Apple,,https://www.facebook.com/StormfrontRomford/reviews/,,70%,"""Fully accredited to carry out warranty repairs for all Apple computers""","""£50 diagnosis charge, £90 fixed labour charge for Mac repairs"" from website"
"51.578084, 0.180713",MCX,Mobile and Computer Exchange,"9 South St, Romford RM1 1NJ",01708 755099,,http://www.webuysellrepair.com/,,Havering,Computers and Home Office,"Desktop, Laptop, Phone",No,,"https://www.google.co.uk/maps/place/MCX+Mobile+%26+Computer+Exchange/@51.5781045,0.1807146,16.08z/data=!4m7!3m6!1s0x0:0x2f72e75ae088326a!8m2!3d51.5780834!4d0.1807146!9m1!1b1",,72%,"""30 days warranty"" by phone",No data
"51.538794, 0.051031",Geek Squad Tech Agent East Ham,"Mobile phone repairs, off-site","2-3 Station Parade, East Ham E6 1JD",0843 538 0427,,http://www.geeksquad.co.uk/,No,Newham,Electronic gadgets,Phone,http://www.geeksquad.co.uk/services/repairs/mobile-phone/manufacturer-details,,https://uk.trustpilot.com/review/www.geeksquad.co.uk,,76%,"""90 day guarantee"" from website","""No obligation quotes"" from website"
"51.560272, 0.072084",Geek Squad Tech Agent Ilford,"Mobile phone repairs, off-site","Unit 36, The Exchange Mall, High Road, Ilford IG1 1DS,",0843 538 0167,,http://www.geeksquad.co.uk/,No,Redbridge,Electronic gadgets,Phone,http://www.geeksquad.co.uk/services/repairs/mobile-phone/manufacturer-details,,https://uk.trustpilot.com/review/www.geeksquad.co.uk,,76%,"""90 day guarantee"" from website","""No obligation quotes"" from website"
"51.541482, 0.000747",Geek Squad Tech Agent Stratford Centre,"Mobile phone repairs, off-site","Stratford Centre, 81 The Mall, Stratford E15 1XQ",0843 538 1450,,http://www.geeksquad.co.uk/,No,Newham,Electronic gadgets,Phone,http://www.geeksquad.co.uk/services/repairs/mobile-phone/manufacturer-details,,https://uk.trustpilot.com/review/www.geeksquad.co.uk,,76%,"""90 day guarantee"" from website","""No obligation quotes"" from website"
"51.544106, -0.007397",Geek Squad Tech Hub Westfield Stratford City,"Mobile phone repairs, on-site","Westfield Stratford City, Stratford, E15 2JU",0843 538 1950,,http://www.geeksquad.co.uk/,No,Newham,Electronic gadgets,Phone,http://www.geeksquad.co.uk/services/repairs/mobile-phone/manufacturer-details,,https://uk.trustpilot.com/review/www.geeksquad.co.uk,,76%,"""90 day guarantee"" from website","""No obligation quotes"" from website"
"51.578579, 0.183531","Geek Squad, Carphone Warehouse, Romford","Mobile phone repairs, off-site","The Liberty, Mercury Gardens, Unit 21, The Liberty, Romford RM1 3RL",0843 538 0349,,http://www.geeksquad.co.uk/,No,Havering,Electronic gadgets,Phone,http://www.geeksquad.co.uk/services/repairs/mobile-phone/manufacturer-details,,https://uk.trustpilot.com/review/www.geeksquad.co.uk,,76%,"""90 day guarantee"" from website","""No obligation quotes"" from website"
"51.5826855,0.1756099",Shen Computer Solution Ltd,Computer sales and repairs,"155 North Street, Romford, RM1 1ED",01708 750046,,http://www.scscomputer.co.uk/,scs@ scscomputer.co.uk,Havering,Computers and Home Office,"Desktop, Laptop, Apple Mac, ",No,,"https://www.google.co.uk/maps/place/Shen+Computer+Solutions+Ltd/@51.5826855,0.1756099,15z/data=!4m7!3m6!1s0x0:0x185b5310156ae7c4!8m2!3d51.5826855!4d0.1756099!9m1!1b1",,77%,"""At least 3 months warranty, up to 1 year on some items depnding on manufacturers warranty"" by phone",No data
"51.5122353,0.0261426",A & G Appliance Services,Domestic appliance repair,"21 Hartington Rd, London E16 3NP",020 7476 8725,07540 852102,http://ag-repairs.co.uk/,contact@ag-repairs.co.uk,Newham,Kitchen and household,"Washing machine, dishwasher, elecric oven, tumble dryer, fridge, freezer, microwave",No,,"https://www.google.co.uk/maps/place/A%26G+Appliances/@51.5122353,0.0261426,15z/data=!4m7!3m6!1s0x0:0xd2e2867d85035765!8m2!3d51.5122353!4d0.0261426!9m1!1b1",,80%,"""6 months warranty on the repair"" from website",Some prices shown on website
"51.553222, 0.247781",Click @,"Computer shop, repairs and service","103 Corbets Tey Rd, Upminster RM14 2AH",01708 641098,,No,No,Havering,Computers and Home Office,"Desktop, Laptop",No,,"https://www.google.co.uk/maps/place/Click+@/@51.5531649,0.2478032,19.54z/data=!4m7!3m6!1s0x0:0x72f9969e710fb15b!8m2!3d51.5532245!4d0.2477843!9m1!1b1",,80%,"""We offer 6 months warranty"" phone call.",No data
"51.603182, 0.090875",Edwards Office Supplies (Romford Computer Repairs),"Electronic repairs, on site service, collect and repair service, bring service","128 New North Road, Hainault, Essex IG6 2XW",020 8500 4466,,http://edwardsoffice.co.uk/,sales@edwardoffice.co.uk,Redbridge,Computers and Home Office,"Desktop, Laptop, Printer, Console, Apple Macbook, Apple iPad, Apple iPhone, Tablets, TV",No,,"https://www.google.co.uk/maps/place/romford+computer+repairs/@51.6031813,0.0891395,17z/data=!4m7!3m6!1s0x0:0x244ee9f2d50db987!8m2!3d51.6031839!4d0.0908753!9m1!1b1",,84%,"""3 months warranty on labour, manufacturer's warranty on parts 3 months to 1 year"" by phone","""No fix, no fee, free quotations"" from website"
"51.5639559,0.1887359",Ron's Repairs,Washing machine and tumble dryer repairs,"31 Upper Rainham Rd, Hornchurch RM12 4BE",01708 475770,,Hacked http://www.ronsrepairs.co.uk,No,Havering,Kitchen and household,"Washing machine, tumble dryer",,,"https://www.google.co.uk/maps/place/Ron's+Repairs/@51.5639559,0.1887359,15z/data=!4m14!1m6!3m5!1s0x0:0x5d5adbe7a4002ad3!2sRon's+Repairs!8m2!3d51.5639559!4d0.1887359!3m6!1s0x0:0x5d5adbe7a4002ad3!8m2!3d51.5639559!4d0.1887359!9m1!1b1",,86%,No data,No data
"51.577089, 0.179780",Dr Gadgets,Mobile phone repairs,"4, Brewery Shopping Centre, Romford RM1 1BG",01708 756600,,http://www.doctorgadgets.co.uk/,Contact form,Havering,Electronic gadgets,Phone,No,,"https://www.google.co.uk/maps/place/Dr.+Gadgets/@51.5780379,0.1757003,15z/data=!4m10!1m2!2m1!1s+!3m6!1s0x0:0xd15c2582aefc3b8!8m2!3d51.5770962!4d0.1797724!9m1!1b1",,87%,"""2 months warranty on repairs"" by phone",No data
"51.571568, 0.135422",Gadcet Chadwell Heath,Gadget Exchange. Apple and Samsung phone repairs.  Apple iPad repair,102 - 104 High Road Chadwell Heath Romford Essex RM6 6NX,020 8599 9601,,http://www.gadcet.com/221-repair,info@gadcet.com,Barking and Dagenham,Electronic gadgets,"Phone (Apple, Samsung), Tablet (iPad)",No,,"https://www.google.co.uk/maps/place/Gadcet+Chadwell+Heath/@51.5702363,0.0792044,12z/data=!4m10!1m2!2m1!1sgadcet!3m6!1s0x0:0x51dae593c99d7c3d!8m2!3d51.5715351!4d0.1354408!9m1!1b1",,89%,"""All repairs carried out by us and our repair centres come with a 4 weeks to 3 months warranty dependant on the repair. This excludes any damage caused by the user. Any repair warranty becomes void if you cannot show us the repair receipt."" from website","""All repairs quoted online are estimated based on the information you provide us. If there are any further problems discovered, your repair price may increase. We will contact you by phone or email for further verification. No Fix No Fee: If your repair could not be carried out or cannot be completed, you will not be charged."" From website"
"51.550982, 0.047857",Gadgets World,Gadget exchange,"709 Romford Road, Manor Park, E125AW",020 8911 0911,,http://farhan39.wixsite.com/gadgetsworld,sales@gadgetsworldltd.com,Newham,Electronic gadgets,"Phone, Laptop, Desktop, iPad, Console",No,,"https://www.google.co.uk/maps/place/Gadgets+World+LTD/@51.5509821,0.0478999,15z/data=!4m7!3m6!1s0x0:0x8ed6f0d48cdf70ec!8m2!3d51.5509821!4d0.0478999!9m1!1b1",,89%,"""3 months warranty on repairs"" by phone",No data
"51.607536,0.119255",Quick Mobile Fix,Phone repair specialist,"41-43 Roebuck Road, Hainault Business Park, Ilford, IG6 3TU",020 8500 0308,,https://www.quickmobilefix.com/,customersupport@quickmobilefix.com,Redbridge,Electronic gadgets,"Smartphones: Apple, Samsung, Sony, Nokia, HTC, LG, Nexus, Motorola, Blackberry, Huawei",No,,https://uk.trustpilot.com/review/www.quickmobilefix.com,,90%,"""All repairs (with the exception of software related, battery and water damaged devices) come with a 12 month warranty. Battery related repairs comes with 3 months warranty. This excludes faults relating to physical or accidental damage or if the device is opened whilst in your possession. If the nature of the repair falls outside the terms of your warranty or guarantee, then you may incur a charge for the repair. Our warranty does not cover repairs on Wifi Faults on the iPhone 4 and 4S."" From website","See website, payment in advance"
"51.573241, 0.063573",KDS Appliances,Repair service for all domestic appliances,"33-35 Beehive Lane, Ilford, IG1 3RG",020 8518 1988,,http://www.kdsappliances.co.uk/,warren.kdsltd@gmail.com,Redbridge,Kitchen and household,"Electrically powered appliances, not refrigerators or gas-powered appliances",No,,"https://www.google.co.uk/maps/place/KDS+Appliances+Ltd/@51.5732412,0.0635749,15z/data=!4m7!3m6!1s0x0:0x6e3bfadab9ab2866!8m2!3d51.5732412!4d0.0635749!9m1!1b1",,92%,"""3 months to 1 year depending on manufacturer"" by phone",No data
"51.577843, 0.099535",Computer Clinic,"Computer repairs, screen replacement","990 Eastern Avenue, Newbury Park Ilford, Essex IG2 7JD. ",020 8597 9764,07985 700199,http://www.computerclinicuk.com/,No,Redbridge,Computers and Home Office,"Desktop, Laptop, Tablet (iPad screen replacement)",No,,"https://www.google.co.uk/maps/place/Computer+Clinic+UK/@51.577851,0.099562,15z/data=!4m7!3m6!1s0x0:0x1b434ea75500a6a0!8m2!3d51.577851!4d0.099562!9m1!1b1",,93%,"""I year on new parts, no warranty for used parts"" by phone","""No fix no fee"" from website"
"51.561256, 0.068983",Compushop,Computer shop,"101 Cranbrook Rd, Ilford IG1 4PU",020 8553 3362,,thecompushop.com,info@thecompushop.com,Redbridge,Computers and Home Office,"Desktop, Laptop, Phone (Apple iMac, Macbook, iPhone, iPad)",No,,"https://www.google.co.uk/maps/place/Compushop+Ltd./@51.5612528,0.068981,15z/data=!4m7!3m6!1s0x0:0x101490ad166a994c!8m2!3d51.5612528!4d0.068981!9m1!1b1",,100%,"""At least 3 months warranty, up to 1 year on some items depnding on manufacturers warranty"" by phone",No data
"51.592168, 0.027062",Computer Repair Ltd,Computer repairs,"96 George Lane, E18 1AD",020 7018 1470,07904 638378,http://www.computerrepairltd.co.uk/,info@computerrepairltd.co.uk,Redbridge,Computers and Home Office,"Desktop, Laptop, Apple Mac, Macbook, iMac",No,,http://www.freeindex.co.uk/profile(computer-repair-ltd)_550311.htm,,100%,"""Warranty depends on the part, minimum 3 months"" by phone","""Free, no obligation quote."" from website"
"51.549036, 0.200291",Console Clinic,Games console repairs,"6 Tadworth Parade, Elm Park, RM12 5AS",,07851 610895,http://www.console-clinic.com/,repairs@console-clinic.com,Havering,Home entertainment,"Console (Xbox, Playstation, Nintendo), iPad, iPhone, iPod",No,,http://www.freeindex.co.uk/profile(console-clinic-ltd)_378985.htm,,100%,"""3 months on most repairs, 6 months on bought second hand items. 1 year warranty on genuine parts. 2 years on items bought from certain companies via console clinic limited."" by email",No data
"51.5626423, 0.266299",Cranham Computer Centre,Computer and phone repairs,"89 Front Lane, Cranham, Essex, RM14 1XN.",01708 250296,,http://www.cranhamcomputercentre.co.uk/,info@cranhamcomputercentre.co.uk,Havering,Computers and Home Office,"Desktop (Mac), Laptop, Phone (iPhone, Samsung), Tablet (iPad), Console (Xbox, Playstation), Apple iPod,",No,,https://www.facebook.com/Cranham-Computer-Centre-125818447453697/reviews,,100%,No data,"""Repairs from £25"" from website"
"51.567636, 0.215936",Essex PC Fix,"PC and Laptop repairs, mobile service, collect and repair service","33 Cromer Road, Hornchurcch, RM11 1EY",01708 444480,07866 395831,http://www.essexpcfix.co.uk/,info@essexpc.co.uk,Havering,Computers and Home Office,"Desktop, Laptop (not Mac)",No,,https://www.yell.com/biz/essex-pc-fix-hornchurch-5589472/#reviews,http://www.essexpcfix.co.uk/testimonials.php,100%,"""Warranty depends on the part, minimum 3 months"" by phone","""Free quotations. Pricing based on agreed estimate at £25/hour. Some fixed-fee prices. Diagnosis fee £30 or call-out fee £50 chargeable if repair declined.  No visit fee for home repairs within 8 miles of Hornchurch."" from website"
"51.5503563, 0.1989772",Hans Electric,"Vacuum cleaner servicing and repairs, family-run business since 1966","22 The Broadway, RM12 4RW",01708 446060,,http://www.hanselectric.co.uk/,mail@hanselectric.co.uk,Havering,Kitchen and household,Vacuum cleaner,No,,https://www.facebook.com/HansElectric/reviews/,"https://www.google.co.uk/maps/place/Hans+Electric+Ltd/@51.5503563,0.1989772,15z/data=!4m7!3m6!1s0x0:0x6325ee7eacc538a1!8m2!3d51.5503563!4d0.1989772!9m1!1b1",100%,"""6 months warranty on all parts and labour"" by phone","""£5 deposit, agreed price limit"" from website"
"51.605813, 0.232658",Harold Hill Computer Repairs,Computer repairs,"70 Petersfield Avenue, Harold Hill, RM3 9PD",,07931 300301,http://www.haroldhillcomputerrepairs.co.uk/,help@haroldhillcomputerrepairs.co.uk,Havering,Computers and Home Office,Desktop,No,,http://www.freeindex.co.uk/profile(harold-hill-computer-repairs)_465812.htm,,100%,No data,"""Fixed price repairs from £30. No fix, no fee"" from website"
"51.593083, 0.183494",Havering Computer Services,"Computer and laptop repairs, mobile service","22 Pettits Boulevard, Romford, RM1 4PL",01708 874935,07870 490080,http://www.hcs-uk.co.uk/,enquiries@hcs-uk.co.uk,Havering,Computers and Home Office,"Desktop, Laptop",No,,"https://www.google.co.uk/maps/place/Havering+Computer+Services/@51.574822,0.183259,15z/data=!4m7!3m6!1s0x0:0xf2ec0e108c89d61!8m2!3d51.574822!4d0.183259!9m1!1b1",http://www.hcs-uk.co.uk/testimonials.html,100%,No data,See website
"51.5792258,0.1356724",Ill IT Solutions Ltd,Computer and laptop repairs,"1 Tolworth Parade, East Road, Chadwell Heath, Romford, RM6 6YU",020 8599 7771,,http://www.illit.co.uk/,admin@illit.co.uk,Barking and Dagenham,Computers and Home Office,"Desktop, Laptop",No,,"https://www.google.co.uk/maps/place/ILL+IT+Solutions/@51.5792258,0.1334837,17z/data=!4m7!3m6!1s0x47d8a460ca6e1573:0x29361c97273b80a9!8m2!3d51.5792258!4d0.1356724!9m1!1b1",http://www.illit.co.uk/reviews/,100%,"""Manufacturer's guarantee on parts, 3 months to 1 year. 3 month's warranty on labour"" by email.","""Quotation service"" from website"
"51.583626, 0.163757",Link Computer Services,"Laptop, PC, and Netbook repairs, mobile service.","203 Mawney Road, Romford, RM7 8BX",,07971 289547,http://www.linkhelp.co.uk/,linkcomputers@gmail.com,Havering,Computers and Home Office,"Desktop, Laptop, Netbook",No,,"https://www.google.co.uk/maps/place/Link+Services+London/@51.5837643,0.1641595,18z/data=!4m7!3m6!1s0x0:0x45da0fbca90c2342!8m2!3d51.583636!4d0.163784!9m1!1b1",,100%,"""One years warranty on parts"" by phone","""Free, no obligation quote. No fix no fee, no callout charge"" from website"
"51.5805313, 0.0989018",M Maintenance,"Appliance repairs, handyman","11 Spearpoint Gardens, Aldborough , Road North, Ilford, Essex, IG2 7SX",,07958 654271,http://www.m-maintenance.co.uk/,mark@m-maintenance.co.uk,Redbridge,Kitchen and household,"Washing machines, Tumble Dryers, Hobs, Dishwashers, Ovens",No,,https://trustedtraders.which.co.uk/businesses/m-maintenance/,,100%,No data,No data
"51.580200, 0.182340",Mind the Mac Ltd,Repair services for Apple devices,"Unit 135, First Floor, Romford Shopping Hall, 43 Market Place, RM1 3AB",01708 755 855,07486 355999,http://www.mindthemac.co.uk/,repairs@mindthemac.co.uk,Havering,Computers and Home Office,"Desktop (Mac), Laptop (Macbook), Tablet (iPad), Apple iPad",No,Qualified technicians,"https://www.google.co.uk/maps/place/Mind+The+Mac+Ltd./@51.580025,0.1824529,18z/data=!4m7!3m6!1s0x0:0x4bf1a1be64abe7f4!8m2!3d51.58019!4d0.182351!9m1!1b1",,100%,"""2 months on repair, up to 1 year on parts"" by phone","""No fix no fee"" from website"
"51.526576, 0.146223",PC First Aid Ltd,"PC, laptop, Apple desktop and laptop, mobile phone, tablet and satnav repairs","Unit 32A GSR Self-Storage, Chequers Lane, Dagenham RM9 6PS",020 8593 7143,07956 525477,https://www.facebook.com/pc1staid/,tech@pc1staid.co.uk,Barking and Dagenham,Computers and Home Office,Desktop,No,,https://www.facebook.com/pc1staid/reviews?ref=page_internal,,100%,No data,"""£40 fixed price for repairs at premises plus parts"" from website"
"51.603877, 0.160526",PJC Technologies Ltd,Laptop and PC repair service,"106 Lynwoood Drive, RM5 2QT",01708 662779 (not in service),07725 501063,http://www.pjctechnologies.com/,info@pjctechnologies.com,Havering,Computers and Home Office,"Desktop, Laptop",No,,http://www.freeindex.co.uk/profile(pjc-technologies-ltd)_194864.htm,,100%,"""6 months to 1 year parts and labour, depending on the part"" by phone","""Fixed prices for some services from £25"" from website"
"51.5749907, 0.1388512",R J Electrical,"Cooker repair specialst, mobile service","112 Mill Lane, Romford, RM6 6UU",020 8599 2841,07836 677836,https://www.facebook.com/rjelectricalessex/,r_j_electrical@yahoo.co.uk,Barking and Dagenham,Kitchen and household,"Electric cooker, storage heater, electrical repairs (qualified electrician)",No,http://www.checkatrade.com/RJElectrical315992/Checks.aspx,http://www.checkatrade.com/RJElectrical315992/,,100%,"""3-6 months for cooker repairs depending on the manufacturer's warranty"" by phone",No data
"51.586617, 0.199394",Richer Sounds,"Repair service for Hi-Fi, DVD, Audio-Visual products, TV","73 Main Rd, Romford RM2 5EL",0333 900 0041,,http://www.richersounds.com/information/service,No,Havering,Home entertainment,"TV, Hi-Fi, DVD, Audio-Visual products",No,,"https://www.google.co.uk/maps/place/Richer+Sounds,+Romford/@51.5852496,0.1936548,16.79z/data=!4m10!1m2!2m1!1shifi+repair!3m6!1s0x0:0xcacf8da03a8ecc1c!8m2!3d51.5866231!4d0.1993954!9m1!1b1",,100%,"""90 day guarantee on repair"" from websie",See website. Initial charge £40 then quote to complete.  Fixed prices for some repairs plus specialist parts.
"51.5480226,0.097821",S R Domestic Repairs,"Domestic appliance repair, mobile service","267 Longbridge Road, Barking, Essex,IG11 9DJ",07737 235620,,No,No,Redbridge,Kitchen and household,"Washing Machine, Washer Dryer, Fridge, Freezer, electric cooker",No data,City and Guilds,https://www.yell.com/biz/sr-domestic-appliances-repair-barking-5087616/#reviews,,100%,"""3 months warranty"" Yell listing page","""No fix, no charge, no call-out charge"" from website"
"51.531092, 0.044162",Standard Appliances,Domestic appliance repair,"130 Barking Road, London, E6 3BD",020 8472 0622,07956 537374,No,No,Newham,Kitchen and household,"Washing machine, Dishwasher, Fridge, Freezer, Tumble dryer, Cooker, Stove",No data,,https://www.yell.com/biz/standard-appliance-ltd-london-901527178/#reviews,,100%,"""We provide 1 year guarantee"" by phone",No data
"51.5507715, 0.1378307",Techright London,"PC and Laptop repairs, mobile service, free home visits, bring service.","2 Carey Road, Dagenham, Greater London, RM9 5HT",020 8593 2339,,http://techright-london.co.uk/,Contact form,Barking and Dagenham,Computers and Home Office,"Desktop, Laptop",No,,http://www.freeindex.co.uk/profile(techright)_439175.htm,,100%,No data,"""£49.99 fixed charge plus parts, plus specialist services which incur additional charge"" from website"
"51.541907, 0.000796",Tomo Solutions Ltd,"Computer and PC repairs, mobile service","17 St Leonards Close, Grays, RM17 6GT",0800 246 5828,07876 344 433,http://www.tomosolutions.co.uk/about-us/,No,Newham,Computers and Home Office,"Desktop, Laptop",No,,https://www.facebook.com/TomoSolutions/reviews,,100%,"""Everyone should offer warranty"" by phone",See website
"51.570782, 0.116968",WG-IT Computers and Consoles,"Computer, games console and iPhone repairs.  Mobile service.","83 Primrose Ave, Chadwell Heath, Romford RM6 4PS",020 8262 0472,07880 622600,http://www.computersconsoles.co.uk/,info@computerconsoles.com,Redbridge,Computers and Home Office,"Desktop, Laptop, Netbooks, Games Consoles (Xbox, Playstation), iPhones",No,ComptTIA technicians see https://certification.comptia.org/certifications/a,http://www.freeindex.co.uk/profile(wg-it-computer-services)_666606.htm,,100%,"""90 days on repair, up to 1 year on parts depending on manufacturer's warranty"" by phone","""No fix no fee, but diagnostic fee may be charged if repair refused"" from website"
"51.560788, 0.081723",A Ali Appliances,Appliance shop,"335 High Road, IG1 1TE",, 07574 321041,None,No,Redbridge,Kitchen and household,"Washing machine, Fridge, Freezer ",,,None,,No data,No data,No data
"51.569789, 0.125883",ARCO Appliances and Furniture,Appliance shop,"1085-1087 High Road, Chadwell Heath, RM6 4AB",020 3417 0150,,None,No,Redbridge,Kitchen and household,No data,,,None,,No data,No data,No data
"51.550310, 0.198925",Atom 1,"Computer, PC and Phone repairs","23 The Broadway, Hornchurch, RM12 4RW",01708 472 644,,No,No,Havering,Computers and Home Office,"Desktop, Laptop, Phone",,,None,,No data,No data,No data
"51.579925, 0.073048",Audio Vision,Audio-visual equipment repair shop,"691 Cranbrook Rd, Ilford IG2 6SY",020 8550 6220,,None,No,Redbridge,Home entertainment,"TV, Radio, Amplifier",,,None,,No data,No data,No data
"51.6027898,0.2377862",Auto Vac Services,"Domestic appliance servicing, mobile service","6 Penrith Rd, Romford, Essex, RM3 9NS",,07976 871543,No,No,Havering,Kitchen and household,"Washing machine, tumble dryer, dishwasher, electric oven",,,None,,No data,No data,No data
"51.542004, 0.002298",Computer Bits,"Phone, laptop and computer repairs","Unit 51, Market Village, 70-73 Stratford Centre, E15 1XQ",020 8221 1873,,No,No,Newham,Electronic gadgets,"Phone, Laptop, Desktop",,,None,,No data,No data,No data
"51.542096, 0.002352",Connect,Phone repairs,"Unit 43, Market Village, 70-73 Stratford Centre, E15 1XQ",,,No,No,Newham,Electronic gadgets,"Phone, Laptop, Desktop",,,None,,No data,No data,No data
"51.5579899,0.2398752",Dander Appliance Services Ltd,"Repair, sales and service of domestic appliances.","8 St Marys Lane, Upminster, RM14 2QT",01708 228156,,http://danderappliances.co.uk/,danderltd@aol.com,Havering,Kitchen and household,"Washing machine, electric cooker, vacuum cleaner, dishwasher, tumble dryer",,,None,,No data,No data,No data
"51.592507, 0.028257",e-Touch Mobile,Phone shop,"9 Mulberry Way, South Woodford, E8 1EB",020 8518 8384,,None,No,Redbridge,Electronic gadgets,"Phone, Laptop",,,None,,No data,No data,No data
"51.581950, 0.132731",First Stop Computer Repairs,Computer repairs,"34 Hutchinson Court, Padnall road, Romford, RM6 5ET",020 3759 6226,07958 495419,http://www.firststopcomputers.com/,terry@firststopcomputers.com,Barking and Dagenham,Computers and Home Office,"Desktop, Laptop, (Screen, Keyboard, Charger port)",,,None,,No data,No data,"""Free quote""from website"
"51.599648, 0.163204",Gadcet Collier Row,Gadget Exchange. Apple and Samsung phone repairs.  Apple iPad repair,"7-9 Clockhouse Ln, Romford RM5 3PH",01708 767666,,http://www.gadcet.com/221-repair,info@gadcet.com,Havering,Electronic gadgets,"Phone (Apple, Samsung), Tablet (iPad)",No,,None,,No data,"""All repairs carried out by us and our repair centres come with a 4 weeks to 3 months warranty dependant on the repair. This excludes any damage caused by the user. Any repair warranty becomes void if you cannot show us the repair receipt."" from website","""All repairs quoted online are estimated based on the information you provide us. If there are any further problems discovered, your repair price may increase. We will contact you by phone or email for further verification. No Fix No Fee: If your repair could not be carried out or cannot be completed, you will not be charged."" From website"
"51.541877, 0.001080",Gadget Store (Stratford),Gadget exchange,"Unit 35, Market Village, 70-73 Stratford Centre, E15 1XQ",,,http://gadget-buy.co.uk/,No,Newham,Electronic gadgets,"Phone, Laptop, Desktop",,,None,,No data,No data,No data
"51.541652, 0.148135",GS Innovative Tech,Repair booth,"248 Heathway, Dagenham RM10 8QS",020 8984 9043,,No,No,Barking and Dagenham,Electronic gadgets,"Phone, Laptop, Desktop",,,None,,No data,No data,No data
"51.542263, 0.002098",GT Mobile,Phone repairs,"Unit 46, Market Village, 70-73 Stratford Centre, E15 1XQ",,,No,No,Newham,Electronic gadgets,"Phone, Laptop, Desktop",,,None,,No data,No data,No data
"51.551897, 0.046709",Hi-Vision,TV Repair shop,"43 Station Rd, London E12 5BP",020 8478 6628,,No,No,Newham,Home entertainment,"TV, DVD, Video",,,None,,No data,No data,No data
"51.5624269,0.0676759",iFixStore,"Repair specialist: Apple iPhone, Samsung Phone, Apple iPad, Apple iPod walk-in, mail-in, call-out services","175 Cranbrook Road, Ilford, Essex IG1 4TA",020 7998 9338,,http://ifixstore.co.uk/,,Redbridge,Electronic gadgets,"Phone (iPhone, Samsung), Tablet (iPad), Apple iPod",,,None,,No data,"""iFix Store Smartphone Repair (""iFix Store"") warrants all repairs and parts free of defects in materials and workmanship for a period of 90 days from the date of purchase."" From website",See prices and refund and replacement policy on website
"51.541294, 0.084333",Ink Link,Computer repair shop and cartridge refill,"82 Longbridge Rd, Barking IG11 8SF",020 8594 6315,,inklink.co.uk,info@inklink.co.uk,Barking and Dagenham,Computers and Home Office,"Desktop, Laptop",,,None,,No data,No data,"""No fix, no fee, free quotation"" from website"
"51.559335, 0.069968",Jaky Mobile,Mobile phone shop,"21 Cranbrook Road, IG1 4DU",,07404 040840,None,No,Redbridge,Electronic gadgets,Phone,,,None,,No data,No data,No data
"51.556004, 0.248754",Jo Hussein,iPad and iPhone screen repairs,"Based in Upminster, address not given",,07961 876418,No,No,Havering,Electronic gadgets,"Phone (iPhone), Tablet (iPad) (screen repairs)",,,https://www.whodoyou.com/biz/1233163/jo-hussein-upminster-england,,No data,No data,See Facebook link for example prices
"51.531157, 0.073162",LCD Refurb,LCD repair,"9 Muirhead Quay, Freshwharf Estate, Highbridge Road, Barking, IG11 7BW",020 8591 0707,,http://lcdrefurb.com/,info@lcdrefurb.com,Barking and Dagenham,Electronic gadgets,"Phone (iPhone, Samsung) (screen repairs)",,,None,,No data,No data,See website
"51.579684, 0.183589",Liberty Mobiles,Mobile phone accessories and repair,"The Liberty, Laurie Walk, Romford RM1 3RT",No data,,No,No,Havering,Electronic gadgets,Phone,,,None,,No data,No data,No data
"51.579744, 0.183452",Liberty News,Newsagent offering phone repairs,"94 Market Place, Romford, RM1 3ER",01798 741899,,No,No,Havering,Electronic gadgets,Phone,,,None,,No data,No data,No data
"51.552809, 0.054137",MA Electronics,Electronics repair shop,"746A Romford Rd, London E12 6BU",020 8553 3441,,No,No,Newham,Kitchen and household,Electrical goods,,,None,,No data,No data,No data
"51.548160, 0.039708",Marl Tech,Phone shop,"561 Romford Road, E7 8AF",020 8552 2030,,No,No,Newham,Electronic gadgets,"Phone, Laptop, Desktop",,,None,,No data,No data,No data
"51.539228, 0.051316",Mr Mobiles,Phone shop,"194A High St N, E6 2JA",020 8552 0205,,No,No,Newham,Electronic gadgets,"Phone, Laptop, Desktop",,,None,,No data,No data,No data
"51.536653, 0.081096",Mr Technician UK Ltd,Phone shop,"42 Ripple Road, Barking, Essex, United Kingdom, IG11 7PG",020 8591 4724,,No,No,Barking and Dagenham,Electronic gadgets,"Phone, Laptop, Desktop",,,None,,No data,No data,No data
"51.533790, 0.053389",Multimobile,Phone shop,"2 St. John's Road, E6 1NW",020 3729 4281,,No,No,Newham,Electronic gadgets,"Phone, Laptop, Desktop",,,None,,No data,No data,No data
"51.546136, 0.004835",N Khabir (R) IT Solutions,Internet cafe offering computer repair,"15 Leytonstone Rd, London E15 1JA",020 8555 5203,,http://nkitsolutions.co.uk,No,Newham,Computers and Home Office,Desktop,,,None,,No data,No data,No data
"51.536899, 0.034972",Narula Enterprises,Phone shop,"311A Green Street, LONDON, E13 9AR",No,,No,No,Newham,Electronic gadgets,Phone,,,None,,No data,No data,No data
"51.542057, 0.000637",Not known (previously Mystical Headshop),"Phone, laptop and computer repairs","Unit 1, Market Village, 70-73 Stratford Centre, E15 1XQ",,,No,No,Newham,Electronic gadgets,"Phone, Laptop, Desktop",,,None,,No data,No data,No data
"51.576919, 0.067087",Phoneit Systems Ltd,Internet cafe offering computer repair,"567 Cranbrook Rd, Ilford IG2 6JZ",020 8550 3554,,None,No,Redbridge,Electronic gadgets,"Phone, Laptop, Desktop",,,None,,No data,No data,No data
"51.552944, 0.054390",Planet Exchange,TV Repair shop,"752 Romford Rd, London E12 6BU",020 8478 1919,,https://www.facebook.com/PlanetExchange,No,Newham,Home entertainment,"TV, Phone, Laptop, Desktop, Console",,,None,,No data,No data,No data
"51.541939, 0.002378",PS Phone shop,Phone repairs,"Unit 57, Market Village, 70-73 Stratford Centre, E15 1XQ",,,No,No,Newham,Electronic gadgets,"Phone, Laptop, Desktop",,,None,,No data,No data,No data
"51.560923, 0.082382",Quality Apppliances,Appliance shop,"357 High Road, IG1 1TE",,,None,No,Redbridge,Kitchen and household,No data,,,None,,No data,No data,No data
"51.537306, 0.036377",R-Tech Accessories,Phone accessories,"49-51 Plashet Grove, E16 1AD",020 3417 7048,,No,No,Newham,Electronic gadgets,Phone,,,None,,No data,No data,No data
"51.535052,0.110918",Safe Handz domestic,Domestic appliance sales and repairs,"446 Lodge Avenue, Dagenham, Essex RM9 4QS",020 8517 0272,,http://safehandz-domestix.co.uk/,safehandzdomestix@gmail.com,Barking and Dagenham,Kitchen and household,"Washing machine, dryer, fridge, freezer",,,None,,No data,No data,No data
"51.575582, 0.182768",Tech Fumes,Phone repair shop,"104 South St, Romford RM11RX",01708 572501,,techfumes.co.uk,info@techfumes.co.uk,Havering,Electronic gadgets,"Phone (iPhone, Samsung Galaxy) Tablet (iPad, other)",,,None,,No data,No data,No data
"51.579253, 0.179782",Technoheavan,"Mobile, laptop, tablet, console","8 North St, Romford RM1 1BH",01708 752800,,No,No,Havering,Electronic gadgets,"Phone, laptop, tablet, console",,,None,,No data,No data,No data
"51.541960, 0.002337",The Cell City London,Phone and PC repairs,"72 The Broadway, Stratford E15 1NG",,,No,No,Newham,Electronic gadgets,"Phone, Desktop",,,None,,No data,No data,No data
"51.552700, 0.052971",The IT Point,Phone shop,"827 Romford Road, E12 6EA",020 8514 7068,,No,No,Newham,Electronic gadgets,"Phone, Laptop, Desktop",,,None,,No data,No data,No data
"51.562247, 0.123377",The Net Store,"Phone, laptop and computer repairs","701 Green Lane, RM8 1UU.",020 8597 7026,,http://www.thenetstore.co.uk/,No,Barking and Dagenham,Computers and Home Office,"Phone, Laptop, Desktop",,,None,,No data,No data,No data
"51.577213, 0.183554",Topgift,Phone accesories kiosk and screen repairs,"The Mercury Shopping Centre, Mercury Gardens, Romford RM1 3EE",No data,No data,http://top-gift.co.uk/,No,Havering,Electronic gadgets,Phone (screen),,,None,,No data,No data,No data
"51.542927, 0.147679",Trit Ventures,Internet Cafe,"309 Heathway, Dagenham RM9 5AQ",020 8517 4558,,No,No,Barking and Dagenham,Electronic gadgets,"Phone, Laptop, Desktop",,,None,,No data,No data,No data
"51.555123, 0.258436",Tusker Technology,Computer repairs,"57 Argyle Gardens, Upminster, RM14 3HH",01708 222192,07948 251761,http://www.tusker.co.uk/,martin@tusker.co.uk,Havering,Computers and Home Office,"Desktop, Laptop",,,None,,No data,No data,"""£25 for investigation and quotation"" from website"
"51.546517, 0.027624",Urban Tech ,Repair shop,"320 Romford Road, E7 8BD",020 8553 3441,,urbantec.co.uk,No,Newham,Electronic gadgets,"Phone (iPhone, Samsung, Sony), Tablet (iPad), Laptop",,,None,,No data,No data,No data
"51.565012, 0.188960",A E G Stellison,Local branch of Euronics appliance chain.,"317 Hornchurch Road, Hornchurch, RM12 4TQ",01268 756276,,http://www.stellisonselectrical.co.uk/your-local-electrical-store/hornchurch.html,romford@stellisonltd.co.uk,Havering,Kitchen and household,No data,,,"https://www.google.co.uk/maps/place/Stellisons/@51.5646108,0.1885175,17.38z/data=!4m16!1m8!2m7!1seuronics!3m5!1seuronics!2s51.5650221,+0.1898717!4m2!1d0.1898717!2d51.5650221!3m6!1s0x0:0x9d152779960abe21!8m2!3d51.5650301!4d0.1889998!9m1!1b1",,Not assessed,No data,No data
"51.541997, 0.000825",A-Tech,Phone repairs,"Unit 23, Market Village, 70-73 Stratford Centre, E15 1XQ",0208 555 5807,,https://www.facebook.com/AtechStratford/,atstock23@gmail.com,Newham,Electronic gadgets,"Phone, Laptop, Desktop",,,https://www.facebook.com/AtechStratford/reviews,,Not assessed,No data,No data
"51.565226, 0.199285",Britesa,Domestic appliance repair,"206 Hornchurch Rd, Hornchurch RM11 1QJ",01708 473277,,No,No,Havering,Kitchen and household,"Washing Machine, cooker, stove, dishwasher, tumble drier.",,,https://www.yell.com/biz/britesa-hornchurch-414516/#reviews,,Not assessed,No data,No data
"51.549763, 0.199256",Bunty Kainth,Mobile IT Engineer,Address in Elm Park verified on Streetlife,,07841 645111,No,No,Havering,Computers and Home Office,"Desktop, Laptop",,,https://www.streetlife.com/search/?q=bunty,,Not assessed,No data,No data
"51.5240004,0.095751",City Electronic Services,"TV, DVD, Audio and Microwave repair","Unit 22, River Road Business Park, River Road, Barking IG11 0EA",020 8507 9797,,http://www.cityelectronicservices.co.uk/,info@cityelectronic.co.uk,Barking and Dagenham,Home entertainment,"TV, DVD, Audio and Microwave repair",,,"https://www.google.co.uk/maps/place/City+Electronic+Services+Ltd/@51.5240004,0.095751,19.25z/data=!4m7!3m6!1s0x0:0xffc3fb07c4be86f0!8m2!3d51.5241208!4d0.0958689!9m1!1b1",,Not assessed,No data,No data
"51.560469, 0.111834",Computer Concern,Computer repair service,"45 Alloa Rd, Ilford IG3 9SW",,07930 500979,http://www.computerconcern.co.uk/,enquiry@computerconcern.co.uk,Redbridge,Computers and Home Office,"Desktop, Laptop",,,"https://www.google.co.uk/maps/place/Computer+Concern/@51.5603119,0.1118228,17z/data=!4m7!3m6!1s0x0:0x1801f0b02ab74fa!8m2!3d51.560482!4d0.111855!9m1!1b1",,Not assessed,No data,"""No fix no fee"" from website"
"51.535295, 0.113527",D & C Repairs,Commercial and Domestic appliance repairs in and around Dagenham.  ,"269 Stamford Rd, Dagenham RM9 4EH",01798 545278,07850 167 362,http://www.dandcrepairs.co.uk/,dandcrepairs@ymail.com,Barking and Dagenham,Kitchen and household,"Washing machine,Tumble dryer, Electric cooker, Ovens",,,https://www.yell.com/biz/d-and-c-repairs-dagenham-901375705/#reviews,,Not assessed,No data,No data
"51.541885, 0.001034",Easylink,Phone repairs,"Unit 34, Market Village, 70-73 Stratford Centre, E15 1XQ",020 8534 9988,,No,No,Newham,Electronic gadgets,"Phone, Laptop, Desktop",,,https://www.yell.com/biz/easy-link-london-4243507/,,Not assessed,No data,No data
"51.577377, 0.065132",Electronics Geek,"Mobile phone, computer and laptop repairs","25 Woodford Ave, Ilford IG2 6UF",020 3601 4117,07435 358888,http://www.electronicsgeek.co.uk/,info@electronicsgeek.co.uk,Redbridge,Electronic gadgets,"Phone, Laptop, Desktop",,,"https://www.google.co.uk/maps/place/Electronics+geek/@51.5328637,-0.1550736,10z/data=!4m10!1m2!2m1!1s+!3m6!1s0x0:0x30be406c26115e9!8m2!3d51.5773896!4d0.0651455!9m1!1b1",,Not assessed,No data,See website
"51.589794, 0.081939",Gadcet Barkingside,Gadget Exchange. Apple and Samsung phone repairs.  Apple iPad repair,"56 High St, Ilford IG6 2DQ",020 8550 1110,,http://www.gadcet.com/221-repair,info@gadcet.com,Redbridge,Electronic gadgets,"Phone (Apple, Samsung), Tablet (iPad)",No,,"https://www.google.co.uk/maps/place/Gadcet+Barkingside/@51.589803,0.0797485,17z/data=!4m7!3m6!1s0x47d8a6b018e7ef75:0x34ea10f45cd440f5!8m2!3d51.5897997!4d0.0819372!9m1!1b1",,Not assessed,"""All repairs carried out by us and our repair centres come with a 4 weeks to 3 months warranty dependant on the repair. This excludes any damage caused by the user. Any repair warranty becomes void if you cannot show us the repair receipt."" from website","""All repairs quoted online are estimated based on the information you provide us. If there are any further problems discovered, your repair price may increase. We will contact you by phone or email for further verification. No Fix No Fee: If your repair could not be carried out or cannot be completed, you will not be charged."" From website"
"51.540863, 0.147847",Gadcet Dagenham,Gadget Exchange. Apple and Samsung phone repairs.  Apple iPad repair,"249 Heathway, Dagenham RM9 5AN",020 8526 6299,,http://www.gadcet.com/221-repair,info@gadcet.com,Barking and Dagenham,Electronic gadgets,"Phone (Apple, Samsung), Tablet (iPad)",No,,"https://www.google.co.uk/maps/place/Gadcet+Dagenham/@51.5702363,-0.0133554,12z/data=!4m10!1m2!2m1!1sgadcet!3m6!1s0x0:0x90ec17193ec0041!8m2!3d51.5408636!4d0.1478434!9m1!1b1",,Not assessed,"""All repairs carried out by us and our repair centres come with a 4 weeks to 3 months warranty dependant on the repair. This excludes any damage caused by the user. Any repair warranty becomes void if you cannot show us the repair receipt."" from website","""All repairs quoted online are estimated based on the information you provide us. If there are any further problems discovered, your repair price may increase. We will contact you by phone or email for further verification. No Fix No Fee: If your repair could not be carried out or cannot be completed, you will not be charged."" From website"
"51.563150, 0.216554",Gadcet Hornchurch,Gadget Exchange. Apple and Samsung phone repairs.  Apple iPad repair,"47 High St, Hornchurch RM11 1TP",01708 454545,,http://www.gadcet.com/221-repair,info@gadcet.com,Havering,Electronic gadgets,"Phone (Apple, Samsung), Tablet (iPad)",No,,"https://www.google.co.uk/maps/place/Gadcet+Hornchurch/@51.5666618,0.1074942,13z/data=!4m10!1m2!2m1!1sgadcet!3m6!1s0x0:0x9bd4c01009e7347e!8m2!3d51.5631589!4d0.2165508!9m1!1b1",,Not assessed,"""All repairs carried out by us and our repair centres come with a 4 weeks to 3 months warranty dependant on the repair. This excludes any damage caused by the user. Any repair warranty becomes void if you cannot show us the repair receipt."" from website","""All repairs quoted online are estimated based on the information you provide us. If there are any further problems discovered, your repair price may increase. We will contact you by phone or email for further verification. No Fix No Fee: If your repair could not be carried out or cannot be completed, you will not be charged."" From website"
"51.541781, 0.000432",Gadcet Stratford,Gadget Exchange. Apple and Samsung phone repairs.  Apple iPad repair,"Unit 78, Stratford Centre, E15 1NG",020 8555 2258,,http://www.gadcet.com/221-repair,info@gadcet.com,Newham,Electronic gadgets,"Phone (Apple, Samsung), Tablet (iPad)",No,,"https://www.google.co.uk/maps/place/Gadcet+Stratford/@51.5417841,0.0004232,15z/data=!4m7!3m6!1s0x0:0x3d844600c5ab9b84!8m2!3d51.5417841!4d0.0004232!9m1!1b1",,Not assessed,"""All repairs carried out by us and our repair centres come with a 4 weeks to 3 months warranty dependant on the repair. This excludes any damage caused by the user. Any repair warranty becomes void if you cannot show us the repair receipt."" from website","""All repairs quoted online are estimated based on the information you provide us. If there are any further problems discovered, your repair price may increase. We will contact you by phone or email for further verification. No Fix No Fee: If your repair could not be carried out or cannot be completed, you will not be charged."" From website"
"51.564327, 0.097105",Gadget 4 Exchange (Fone Fix Ilford),Gadget exchange and phone repair,"10 Cameron Road, IG3 8LA",020 3441 7781, 07930 905251,https://www.facebook.com/fonefix.ilfordbranch/,No,Redbridge,Electronic gadgets,Phone,,,https://www.facebook.com/fonefix.ilfordbranch/reviews,,Not assessed,No data,No data
"51.574058, 0.184105",Gadget Solution,"Computer, laptop and phone sales and repairs","163 South St, Romford RM1 1PL",01708 743222,,http://gadgetssolution.co.uk/,info@gadgetssolution.co.uk,Havering,Computers and Home Office,"Desktop, Laptop",,,"https://www.google.co.uk/maps/place/Gadgets+Solution/@51.5745014,0.1836592,17.08z/data=!4m7!3m6!1s0x0:0x968dcba967f1677e!8m2!3d51.5745027!4d0.1837105!9m1!1b1",,Not assessed,"""90 day warranty of all repaired product and parts"" from website",No data
"51.539454, 0.081241",Gadget Store (Barking),Gadget exchange,"4, Barking Railway Station, Station Parade, Barking IG11 8TU",020 8594 0111,,http://gadget-buy.co.uk/,No,Barking and Dagenham,Electronic gadgets,"Phone, Laptop, Desktop",,,"https://www.google.co.uk/maps/place/Gadget+Store/@51.5394826,0.0800605,17z/data=!4m7!3m6!1s0x47d8a66db881010d:0xc557364f492729bb!8m2!3d51.5394826!4d0.0813395!9m1!1b1",,Not assessed,No data,No data
"51.592637, 0.026599",Hoffmans Pride,"Office supplies, phone and computer repair","115 George Ln, London E18 1AN",020 8989 5164,,None,No,Redbridge,Computers and Home Office,"Phone, Laptop, Desktop",,,"https://www.google.co.uk/maps/place/Hoffmans+Pride+Ltd/@51.5926263,0.0264536,15z/data=!4m7!3m6!1s0x0:0xae3873e887d62d7b!8m2!3d51.5926338!4d0.0266043!9m1!1b1",,Not assessed,No data,No data
"51.557430, 0.188730",Home PC Doctor (Havering),Mobile computer repairs,"163 Upper Rainham Road, Hornchurch, RM12 4EY",01708 455150,07888 678653,http://www.computerrepairhavering.co.uk/,gary252@ntlworld.com,Havering,Computers and Home Office,"Desktop, Laptop",,,"https://www.google.co.uk/maps/place/Home+PC+Doctor+(Havering)/@51.5574185,0.1887496,15z/data=!4m7!3m6!1s0x0:0x5370ef241a339dea!8m2!3d51.5574185!4d0.1887496!9m1!1b1",,Not assessed,No data,No data
"51.5442522,0.0523637",HP Electronics,"TV and Audio repairs, mobile service","57 Rosebery Avenue, E12 6PY",020 8470 7127,07956 517 176,http://www.hpelectronics.co.uk/,harshad.radia@hotmail.com,Newham,Home entertainment,"TV, DVD, Video, Camcorder, Console, Hi-Fi, Audio",,,"https://www.google.co.uk/maps/place/HP+Electronics/@51.5442522,0.0523637,15z/data=!4m7!3m6!1s0x0:0xe3678505eaee286!8m2!3d51.5442522!4d0.0523637!9m1!1b1",,Not assessed,No data,No data
"51.559642, 0.075747",Ilford Phone Shop,Mobile phone shop,"215 High Road, Ilford IG1 1LX",,07833 444799,None,No,Redbridge,Computers and Home Office,"Phone, Laptop, Desktop",,,https://www.yell.com/biz/ilford-phone-house-ilford-8448429/,,Not assessed,No data,No data
"51.543994, -0.007903",iPlayNTalk,"Phone accessories, screen repairs",Kiosk K22 The Arcade Westfield Stratford City London E20 1EJ,,07868 031623,http://www.ipnt.co.uk/,iplayntalkstratford@gmail.com,Newham,Electronic gadgets,Phone (screen),,,https://www.facebook.com/iPlayNtalkStrtford/reviews,,Not assessed,No data,No data
"51.588813, 0.081252",iRepairs,"iPhones, iPods, iPads and Samsung Smartphone repairs.  Walk in, mail in service","10 High Street, Barkingside, IG6 2DF",,07977 770007,http://www.irepairs.co/,info@irepairs.co,Redbridge,Electronic gadgets,"Desktop (iMac), Laptop (Macbook), Phone (iPhone, Samsung, Sony Xperia), Tablet (iPad), Apple iPod",,,https://www.facebook.com/irepairco/reviews?ref=page_internal,,Not assessed,No data,See website
"51.518495, 0.191135",J&J Computers,Computer shop,"17 Upminster Rd S, Rainham RM13 9YS",01708 525205,,No,No,Havering,Computers and Home Office,"Desktop, Laptop",,,"https://www.google.co.uk/maps/place/J+%26+J+Computer+Services/@51.5184946,0.1911349,15z/data=!4m7!3m6!1s0x0:0x39e8f5f51d80a2e2!8m2!3d51.5184946!4d0.1911349!9m1!1b1",,Not assessed,No data,No data
"51.562508, 0.180497",Jacksons VTRA,"TV repairman, mobile or bring-in service","59 Laurel Crescent, Romford, Essex, RM7 0RU",020 8592 0797,07779 538336,http://www.jacksonsvtra.co.uk/,sales@jacksonsvtra.co.uk,Barking and Dagenham,Home entertainment,"TV, Radio, Audio, DVD, Desktop",,,https://www.yell.com/biz/jacksons-vtra-romford-287730/#reviews,,Not assessed,"""All work that is carried out is ensured with a 3 month guarantee."" from website","""Quotation service"" from website"
"51.558607, 0.069859",Khan Communication,Mobile phone shop,"7 Cranbrook Road, Ilford, IG1 4DU",020 8278 1304,,None,No,Redbridge,Electronic gadgets,"Phone, Laptop, Desktop",,,https://www.yell.com/biz/khan-communication-ilford-7795149/,,Not assessed,No data,No data
"51.554468, 0.072700",Megatek IT Services,"Mobile phone, computer and laptop repairs, on-site, remote or drop-in service","96A, Ilford Lane, Ilford, IG1 2LD",,07459 638196,http://megatek.co.uk/,info@megatek.co.uk,Redbridge,Electronic gadgets,"Phone, Laptop, Desktop",,,"https://www.google.co.uk/maps/place/Megatek+IT+Services/@51.5528064,0.0728317,16z/data=!4m10!1m2!2m1!1s+!3m6!1s0x0:0xce1f840f2df849e!8m2!3d51.5544676!4d0.0726986!9m1!1b1",,Not assessed,No data,No data
"51.542114, 0.002110",MMA Mobiles,Phone repairs,"Unit 48, Market Village, 70-73 Stratford Centre, E15 1XQ",,,No,No,Newham,Electronic gadgets,"Phone, Laptop, Desktop",,,"https://www.google.co.uk/maps/place/MMA+Mobiles/@51.541511,0.000596,15z/data=!4m7!3m6!1s0x0:0xea78c51d0bd521d1!8m2!3d51.541511!4d0.000596!9m1!1b1",,Not assessed,No data,No data
"51.539189, 0.081259",Mobile and Laptop Care Centre,Repair shop,"52 Station Parade, Barking, IG11 8EA",,07919 221307,No,No,Barking and Dagenham,Electronic gadgets,"Phone, Laptop, Desktop",,,https://www.yell.com/biz/mobile-and-laptop-care-centre-barking-8110850/,,Not assessed,No data,No data
"51.536710, 0.081427",Mobile City,Internet Cafe,"31 Ripple Road, Barking, !G11 7NT",020 8507 2798,,No,No,Barking and Dagenham,Electronic gadgets,Phone,,,"https://www.google.co.uk/maps/place/Mobile+City/@51.5362092,0.0815013,18z/data=!4m7!3m6!1s0x0:0x986488d7dac85990!8m2!3d51.5367131!4d0.0814262!9m1!1b1",,Not assessed,No data,No data
"51.551437, 0.048784",Mobile Link,Phone shop,"723 Romford Rd, London E12 5AW",020 8553 3060,,No,No,Newham,Electronic gadgets,"Phone, Laptop, Desktop, iPad, Tablet",,,https://www.facebook.com/MobileLinkLondon/reviews/,,Not assessed,No data,No data
"51.579806, 0.073049",Omega Computers,Computer shop with free WEEE recycling service,"685 Cranbrook Rd, Ilford IG2 6SY",020 8550 9295,,http://www.omegacomputers.co.uk/,No,Redbridge,Computers and Home Office,"Desktop, Laptop",,,"https://www.google.co.uk/maps/place/Omega+Computers/@51.5795039,0.0730343,16.54z/data=!4m7!3m6!1s0x0:0x86b0dceeed7b3d32!8m2!3d51.5798221!4d0.073064!9m1!1b1",,Not assessed,No data,No data
"51.565445, 0.177587",PC Evo,Mobile PC and laptop repairs,"Rush Green Road, Romford RM7 0PX",,07599 500697,http://www.pcevo.co.uk/,sales@pcevo.co.uk,Havering,Computers and Home Office,"Desktop, Laptop (not Mac)",,,http://www.freeindex.co.uk/profile(pc-evo)_380717.htm,,Not assessed,"""We guarantee all the work we carry out. All of the components that we use for repairs and upgrades are guaranteed for 30 days, however, the components themselves actually come with much longer manufactures warranty's, normally 1 - 3 years. We always guarantee all of our work, it being the case that we have no control over what happens to the machine, accidentally or otherwise, from the moment it leaves our possession."" from website","""Mobile service charges from £0 to £30.  Fixed fees for some jobs"" from website"
"51.551953, 0.218667",Peter Neal TV - Audio (Est 1968),TV and Audio repairs,"Electric House, Suttons Lane,Hornchurch, Essex, RM12 6RJ",01708 845011,,http://peterneal.net/,richardlkent@btinternet.com,Havering,Home entertainment,"TV, DVD, Blu-ray, Hi-Fi, Audio, Microwave",,,"https://www.google.co.uk/maps/place/Peter+Neal+Electronic+Services/@51.5519638,0.2181198,19z/data=!4m7!3m6!1s0x47d8bae3f14dded5:0xa15b6eba1a5b8be7!8m2!3d51.551963!4d0.218667!9m1!1b1",,Not assessed,No data,No data
"51.5655594,0.1041953",Redbridge Appliances Ltd,Appliance shop with repair service,"757 High Rd, Ilford IG3 8RN",020 8590 4611,,http://www.redbridgeappliances.co.uk/,sales@redbridgeappliances.co.uk,Redbridge,Kitchen and household,"Washing machine, tumble dryer, dishwasher, fridge, freezer, gas cooker",,,"https://www.google.co.uk/maps/place/Redbridge+Appliances+Ltd/@51.5655594,0.1041953,15z/data=!4m7!3m6!1s0x0:0xac6a78a0f4d88452!8m2!3d51.5655594!4d0.1041953!9m1!1b1",,Not assessed,No data,No data
"51.522167, -0.000291",Repairforce,Mobile domestic repair service,"1b North Crescent, Cody Road Business Park, E16 4TG",020 7055 5300,,http://www.repairforce.co.uk/,info@repairforce.co.uk,Newham,Kitchen and household,"Washing Machine, Microwave, Waste disposal, Extractor Hood, Oven, Cooker, Fridge, Freezer, Dishwasher, Tumble Dryer, ",,,"https://www.google.co.uk/maps/place/Repair+Force/@51.5221711,-0.0002793,15z/data=!4m7!3m6!1s0x0:0xd72ab5a7a9f42bc5!8m2!3d51.5221711!4d-0.0002793!9m1!1b1",,Not assessed,"""All our repairs are covered with a 3 month parts and labour warranty"" from website","See website, fixed labour charges for some repairs"
"51.591467, 0.082876",Sthira Global Cell,Mobile phone shop,"105 High St, Ilford IG6 2AH",020 8551 0066,,None,No,Redbridge,Electronic gadgets,"Phone, Laptop, Desktop",,,"https://www.google.co.uk/maps/place/The+Sthira+Global+Cell/@51.5915108,0.0831337,18z/data=!4m7!3m6!1s0x47d8a6ae2cf35cc3:0x8abaeb81d4b6eb09!8m2!3d51.5914039!4d0.0828813!9m1!1b1",,Not assessed,No data,No data
"51.540032, -0.004175",Stratford Computer Fair,"Sunday Fair with several independant stallholders offering PC, laptop, games console and phone repair services","98 Gibbins Road, E15 2HU",020 8534 7347,07958 428 447,http://www.stratfordcomputerfair.net/,,Newham,Computers and Home Office,"Desktop, Laptop, Tablet, Console",,,https://www.yelp.co.uk/biz/stratford-computer-fair-london,,Not assessed,No data,No data
"51.578510, 0.184193",Tech House,Phone accessories and screen replacement,"The Mercury Shopping Centre, Mercury Gardens, Romford RM1 3EE",01708 733620,,http://techhouse.com/store-locator/,No,Havering,Electronic gadgets,Phone (screen),,,https://www.facebook.com/TechHouseUK/reviews,,Not assessed,No data,"""£49.99 for screen repair"" from website"
"51.536485, 0.077091",Technobiz,Phone shop,"19 East Street, Barking, Essex, IG11 8ER",020 8591 5566,,No,No,Barking and Dagenham,Electronic gadgets,"Phone, Laptop, Desktop, iPad",,,https://www.yell.com/biz/technobiz-barking-barking-8254085/,,Not assessed,No data,No data
"51.542091, 0.147666",Teem Communications,Internet Cafe,"275 Heathway, Dagenham RM9 5AQ",020 8595 2887,,No,No,Barking and Dagenham,Electronic gadgets,"Phone, Laptop",,,"https://www.google.co.uk/maps/place/Teem+Communication/@51.5420906,0.1454775,17z/data=!4m7!3m6!1s0x47d8a50eb09dac51:0xc2294911c3920cbd!8m2!3d51.5420906!4d0.1476662!9m1!1b1",,Not assessed,No data,No data
"51.528886, 0.190169",The Computer Hospital,"Computer, PC and Phone repairs","78 Rainham Rd, Rainham RM13 7RL",01708 553310,,No,No,Havering,Computers and Home Office,"Desktop, Laptop, Phone",,,"https://www.google.co.uk/maps/place/The+Computer+Hospital/@51.528878,0.1902184,15.79z/data=!4m7!3m6!1s0x0:0xce7cbaf12ca5a97b!8m2!3d51.5288949!4d0.1902003!9m1!1b1",,Not assessed,No data,No data
"51.560940, 0.220649",Tucker Bros. Ltd,Appliance shop and repairs,"32 Station Lane, Hornchurch, RM12 6JR",01708 443462,,http://www.euronics.co.uk/retailer/tucker-brothers-limited-10085a,No,Havering,Kitchen and household,Not clear,,,"https://www.google.co.uk/maps/place/Tucker+Bros+Ltd/@51.560953,0.2209068,15z/data=!4m7!3m6!1s0x0:0xa1ac970be99e0649!8m2!3d51.5610038!4d0.2207202!9m1!1b1",,Not assessed,No data,No data
"51.556126, 0.119481",Vac Doctors,Vacuum cleaner centre,"191 Becontree Avenue, RM8 2UR",020 8590 7711,,http://www.vacdoc.co.uk/,info@vacdoc.co.uk,Barking and Dagenham,Kitchen and household,Vacuum cleaner,"AEG Floorcare, BISSELL, DELONGHI, ELECTROLUX Floorcare, KARCHER, KENWOOD Small Appliances, VAX",,"https://www.google.co.uk/maps/place/Vac+Doctors/@52.6407769,0.255996,8z/data=!4m10!1m2!2m1!1svac+doc!3m6!1s0x0:0x29421ee89efff32!8m2!3d51.5561553!4d0.1194763!9m1!1b1?hl=en",,Not assessed,No data,No data
"51.532941,0.036504",W H TV & Video,Television and Video repair,"470 Green Street, Upton Park, London E13 9DB",020  8471 0461,,http://whtvandvideo.co.uk/,info@gadcet.com,Newham,Home entertainment,"TV, LCD TV, LED TV, DVD, DVD Recorder, Hi-Fi, Portable Audio Equipment, VCR's, Digital Satellite Receiver, Sky Digi Box, TFT, LCD & Plasma Screen, Remote Control, Microwave Oven, Desktop.",,,"https://www.google.co.uk/maps/place/WH+TV+and+VIDEO/@51.5329418,0.0359568,19z/data=!4m15!1m7!3m6!1s0x0:0x0!2zNTHCsDMxJzU4LjYiTiAwwrAwMicxMS40IkU!3b1!8m2!3d51.532941!4d0.036504!3m6!1s0x47d8a7c88c220b05:0xb386e8481de0d981!8m2!3d51.532941!4d0.036504!9m1!1b1",,Not assessed,No data,"""Diagnostic prices from £5-£40"" fromwebsite"
"51.535386, 0.035526",Walk & Talk Mobile Ltd,Phone shop,"4 Station Parade, Upton Park, E13 9AT",020 8552 7700,,No,No,Newham,Electronic gadgets,Phone,,,"https://www.google.co.uk/maps/place/Walk+%26+Talk+Mobile+Ltd/@51.5353829,0.0354937,16z/data=!4m7!3m6!1s0x0:0xe43385cf3e5a9252!8m2!3d51.5353962!4d0.0355366!9m1!1b1",,Not assessed,No data,No data
"51.5929552,0.1658667",Warren Domestics,Domestic appliance servicing,"168 Collier Row Ln, Romford RM5 3EA",01708 765370,07929 115 665,http://www.warrendomestics.co.uk/,info@warrendomestics.co.uk,Havering,Kitchen and household,"Washing machine, Cooker",,,"https://www.google.co.uk/maps/place/Warren+Domestics/@51.5929552,0.1658667,15z/data=!4m7!3m6!1s0x0:0x30910601a52fb7f7!8m2!3d51.5929552!4d0.1658667!9m1!1b1",,Not assessed,No data,No data
